Genera,Abundance
Simonsiella,0
Simonsiella,7.30E-06
Simonsiella,0
Simonsiella,2.53E-07
Simonsiella,0
Simonsiella,0
Simonsiella,0
Simonsiella,1.80E-06
Simonsiella,0
Simonsiella,1.16E-06
Simonsiella,3.21E-07
Simonsiella,0
Simonsiella,7.64E-06
Simonsiella,1.48E-06
Simonsiella,1.82E-06
Simonsiella,0
Simonsiella,6.78E-06
Treponema,0.009063444
Treponema,8.47E-05
Treponema,0.000334857
Treponema,8.65E-05
Treponema,0.000111134
Treponema,0.000284285
Treponema,6.50E-05
Treponema,0.000100096
Treponema,0.000345846
Treponema,3.72E-05
Treponema,0.000147562
Treponema,0.00138737
Treponema,0.000249092
Treponema,0.00397657
Treponema,0.000431856
Treponema,9.43E-05
Treponema,0.001233564
Campylobacter,0.009340106
Campylobacter,0.010649626
Campylobacter,0.026002388
Campylobacter,0.003827919
Campylobacter,0.001086086
Campylobacter,0.004554242
Campylobacter,0.013826621
Campylobacter,0.001175904
Campylobacter,0.010605934
Campylobacter,0.015249902
Campylobacter,0.000648474
Campylobacter,0.00104021
Campylobacter,0.005024619
Campylobacter,0.00434391
Campylobacter,0.014690116
Campylobacter,0.00126061
Campylobacter,0.023647824
Helicobacter,0.004326992
Helicobacter,0.002372832
Helicobacter,0.009186734
Helicobacter,0.000530949
Helicobacter,0.003783621
Helicobacter,0.00470207
Helicobacter,0.002761426
Helicobacter,0.002937957
Helicobacter,0.004918694
Helicobacter,0.001550198
Helicobacter,0.001119759
Helicobacter,0.003023983
Helicobacter,0.010553533
Helicobacter,0.002535976
Helicobacter,0.002493836
Helicobacter,0.004015093
Helicobacter,0.004676698
Paracoccus,9.96E-05
Paracoccus,9.42E-05
Paracoccus,0.000334857
Paracoccus,3.01E-05
Paracoccus,4.29E-05
Paracoccus,5.12E-05
Paracoccus,7.15E-05
Paracoccus,4.87E-05
Paracoccus,0.000102473
Paracoccus,2.27E-05
Paracoccus,2.82E-05
Paracoccus,9.16E-05
Paracoccus,8.86E-05
Paracoccus,6.56E-05
Paracoccus,0.000954895
Paracoccus,7.20E-05
Paracoccus,0.000352447
Comamonas,8.85E-05
Comamonas,5.84E-06
Comamonas,0.00029118
Comamonas,6.75E-06
Comamonas,2.53E-06
Comamonas,0
Comamonas,8.45E-05
Comamonas,5.41E-06
Comamonas,0.000153709
Comamonas,2.90E-06
Comamonas,9.00E-06
Comamonas,5.09E-06
Comamonas,1.83E-05
Comamonas,1.48E-06
Comamonas,1.04E-05
Comamonas,2.11E-05
Comamonas,0.00062356
Pseudomonas,0.388898111
Pseudomonas,0.008912178
Pseudomonas,0.139300585
Pseudomonas,0.040411512
Pseudomonas,0.027899787
Pseudomonas,0.021719354
Pseudomonas,0.069535951
Pseudomonas,0.04298272
Pseudomonas,0.173390377
Pseudomonas,0.013104368
Pseudomonas,0.022145556
Pseudomonas,0.043252626
Pseudomonas,0.031012656
Pseudomonas,0.016395329
Pseudomonas,0.040182998
Pseudomonas,0.037946099
Pseudomonas,0.12811441
Xanthomonas,0.011763664
Xanthomonas,0.000655833
Xanthomonas,0.014748275
Xanthomonas,0.001099468
Xanthomonas,0.000548095
Xanthomonas,0.001785308
Xanthomonas,0.004801632
Xanthomonas,0.000367019
Xanthomonas,0.020103882
Xanthomonas,0.000317706
Xanthomonas,0.000681123
Xanthomonas,0.000741372
Xanthomonas,0.001812408
Xanthomonas,0.000462495
Xanthomonas,0.006819027
Xanthomonas,0.000440469
Xanthomonas,0.011095296
Agrobacterium,0.000531191
Agrobacterium,2.92E-06
Agrobacterium,0.001776199
Agrobacterium,2.73E-05
Agrobacterium,1.52E-05
Agrobacterium,2.84E-05
Agrobacterium,0.000266396
Agrobacterium,2.71E-06
Agrobacterium,0.004239812
Agrobacterium,3.48E-06
Agrobacterium,5.14E-06
Agrobacterium,1.27E-06
Agrobacterium,2.45E-05
Agrobacterium,2.21E-06
Agrobacterium,6.35E-05
Agrobacterium,6.95E-05
Agrobacterium,0.001287786
Bradyrhizobium,0.001084515
Bradyrhizobium,0.000216177
Bradyrhizobium,0.002678857
Bradyrhizobium,0.000390973
Bradyrhizobium,0.000280362
Bradyrhizobium,0.000295656
Bradyrhizobium,0.000467818
Bradyrhizobium,0.000234459
Bradyrhizobium,0.004271835
Bradyrhizobium,0.000103966
Bradyrhizobium,0.000551814
Bradyrhizobium,0.000209822
Bradyrhizobium,0.000646415
Bradyrhizobium,0.000162279
Bradyrhizobium,0.000867093
Bradyrhizobium,0.018560497
Bradyrhizobium,0.001592788
Acinetobacter,0.04107876
Acinetobacter,0.000875662
Acinetobacter,0.01525784
Acinetobacter,0.001059704
Acinetobacter,0.001005261
Acinetobacter,0.001626109
Acinetobacter,0.014073525
Acinetobacter,0.000924311
Acinetobacter,0.025387635
Acinetobacter,0.000515184
Acinetobacter,0.000687678
Acinetobacter,0.001049111
Acinetobacter,0.002984514
Acinetobacter,0.000848276
Acinetobacter,0.00474742
Acinetobacter,0.001248202
Acinetobacter,0.018103565
Neisseria,0.009948762
Neisseria,0.05309549
Neisseria,0.015709169
Neisseria,0.001527503
Neisseria,0.005799195
Neisseria,0.007254947
Neisseria,0.582582875
Neisseria,0.004559334
Neisseria,0.021218273
Neisseria,0.002537585
Neisseria,0.00189735
Neisseria,0.005716066
Neisseria,0.017492948
Neisseria,0.004536432
Neisseria,0.00427368
Neisseria,0.005247165
Neisseria,0.022698929
Psychrobacter,1.11E-05
Psychrobacter,3.65E-06
Psychrobacter,4.37E-05
Psychrobacter,7.77E-06
Psychrobacter,0
Psychrobacter,5.69E-06
Psychrobacter,6.50E-06
Psychrobacter,3.61E-06
Psychrobacter,0
Psychrobacter,1.74E-06
Psychrobacter,1.22E-06
Psychrobacter,1.27E-06
Psychrobacter,1.07E-05
Psychrobacter,2.21E-06
Psychrobacter,2.34E-06
Psychrobacter,0
Psychrobacter,4.07E-05
Eikenella,0
Eikenella,0.000151908
Eikenella,0
Eikenella,2.20E-06
Eikenella,5.05E-06
Eikenella,0.000221742
Eikenella,0
Eikenella,9.47E-05
Eikenella,0
Eikenella,1.34E-05
Eikenella,3.34E-06
Eikenella,0
Eikenella,0
Eikenella,0
Eikenella,1.04E-06
Eikenella,1.24E-06
Eikenella,6.78E-06
Citrobacter,0.000807853
Citrobacter,0.000679934
Citrobacter,0.00147046
Citrobacter,3.91E-05
Citrobacter,0.00083856
Citrobacter,0.001239481
Citrobacter,0.000422336
Citrobacter,0.000696164
Citrobacter,0.000589219
Citrobacter,0.000444324
Citrobacter,0.000154824
Citrobacter,0.00097154
Citrobacter,0.00213638
Citrobacter,0.000792216
Citrobacter,0.000300478
Citrobacter,0.000580675
Citrobacter,0.000887895
Enterobacter,0.003165012
Enterobacter,0.003928428
Enterobacter,0.009084821
Enterobacter,0.0047441
Enterobacter,0.004278675
Enterobacter,0.006106436
Enterobacter,0.003307213
Enterobacter,0.004068772
Enterobacter,0.011688303
Enterobacter,0.003206684
Enterobacter,0.0079137
Enterobacter,0.005984384
Enterobacter,0.010636054
Enterobacter,0.003966981
Enterobacter,0.02216356
Enterobacter,0.00469875
Enterobacter,0.008207944
Escherichia,0.043601917
Escherichia,0.016119043
Escherichia,0.06924264
Escherichia,0.017155772
Escherichia,0.025742769
Escherichia,0.029099386
Escherichia,0.025203696
Escherichia,0.020507983
Escherichia,0.054163278
Escherichia,0.009435935
Escherichia,0.025390434
Escherichia,0.023388184
Escherichia,0.049016012
Escherichia,0.018178184
Escherichia,0.044940824
Escherichia,0.028405911
Escherichia,0.066232886
Klebsiella,0.091032834
Klebsiella,0.004850831
Klebsiella,0.041988178
Klebsiella,0.017226267
Klebsiella,0.023866113
Klebsiella,0.006396407
Klebsiella,0.005133003
Klebsiella,0.031172279
Klebsiella,0.010625148
Klebsiella,0.005995762
Klebsiella,0.01012751
Klebsiella,0.040593606
Klebsiella,0.009262231
Klebsiella,0.009751485
Klebsiella,0.010076675
Klebsiella,0.011700347
Klebsiella,0.005862817
Shigella,0.009561436
Shigella,0.003360234
Shigella,0.014238709
Shigella,0.005063058
Shigella,0.005660277
Shigella,0.007272004
Shigella,0.019693839
Shigella,0.004534084
Shigella,0.136391292
Shigella,0.002489377
Shigella,0.004831487
Shigella,0.005021745
Shigella,0.012431653
Shigella,0.003097313
Shigella,0.047476285
Shigella,0.004278133
Shigella,0.016266775
Actinobacillus,0.000121731
Actinobacillus,6.06E-05
Actinobacillus,0.000262062
Actinobacillus,1.67E-05
Actinobacillus,5.05E-05
Actinobacillus,5.69E-05
Actinobacillus,9.75E-05
Actinobacillus,5.05E-05
Actinobacillus,9.61E-05
Actinobacillus,2.61E-05
Actinobacillus,2.51E-05
Actinobacillus,4.20E-05
Actinobacillus,0.000210887
Actinobacillus,4.35E-05
Actinobacillus,8.34E-05
Actinobacillus,0.000105464
Actinobacillus,0.000176223
Haemophilus,0.000951717
Haemophilus,0.011377762
Haemophilus,0.002096497
Haemophilus,0.000161843
Haemophilus,0.000565775
Haemophilus,0.000807369
Haemophilus,0.00053929
Haemophilus,0.005736139
Haemophilus,0.001979006
Haemophilus,0.000435612
Haemophilus,0.000207139
Haemophilus,0.000419644
Haemophilus,0.001422725
Haemophilus,0.000405697
Haemophilus,0.000631394
Haemophilus,0.000624101
Haemophilus,0.003273688
Pasteurella,5.53E-05
Pasteurella,6.79E-05
Pasteurella,0.000174708
Pasteurella,1.13E-05
Pasteurella,4.29E-05
Pasteurella,7.96E-05
Pasteurella,3.25E-05
Pasteurella,5.59E-05
Pasteurella,6.40E-05
Pasteurella,2.32E-05
Pasteurella,1.36E-05
Pasteurella,4.45E-05
Pasteurella,0.000172683
Pasteurella,4.06E-05
Pasteurella,1.77E-05
Pasteurella,6.33E-05
Pasteurella,4.07E-05
Bacteroides,0.028994168
Bacteroides,0.00424612
Bacteroides,0.0906735
Bacteroides,0.00901753
Bacteroides,0.005660277
Bacteroides,0.007414146
Bacteroides,0.022331813
Bacteroides,0.004507933
Bacteroides,0.041110805
Bacteroides,0.003073097
Bacteroides,0.009958097
Bacteroides,0.006253974
Bacteroides,0.011189251
Bacteroides,0.003000684
Bacteroides,0.009765661
Bacteroides,0.006152918
Bacteroides,0.12319371
Butyrivibrio,1.11E-05
Butyrivibrio,2.70E-05
Butyrivibrio,2.91E-05
Butyrivibrio,9.96E-06
Butyrivibrio,2.53E-06
Butyrivibrio,0
Butyrivibrio,6.50E-06
Butyrivibrio,8.12E-06
Butyrivibrio,0
Butyrivibrio,8.71E-06
Butyrivibrio,3.15E-06
Butyrivibrio,1.27E-05
Butyrivibrio,1.53E-05
Butyrivibrio,1.18E-05
Butyrivibrio,6.37E-06
Butyrivibrio,1.36E-05
Butyrivibrio,2.03E-05
Porphyromonas,0.000309861
Porphyromonas,0.00310681
Porphyromonas,0.000101913
Porphyromonas,0.002495944
Porphyromonas,0.001237633
Porphyromonas,0.002700705
Porphyromonas,6.50E-06
Porphyromonas,0.00138331
Porphyromonas,3.84E-05
Porphyromonas,0.000451875
Porphyromonas,0.005080593
Porphyromonas,0.000944836
Porphyromonas,0.000828267
Porphyromonas,0.000573139
Porphyromonas,0.00342935
Porphyromonas,0.0010472
Porphyromonas,0.000433781
Prevotella,0.001991966
Prevotella,0.107859777
Prevotella,0.002926361
Prevotella,0.242726144
Prevotella,0.001121447
Prevotella,0.011922902
Prevotella,0.000857666
Prevotella,0.002646686
Prevotella,0.001825297
Prevotella,0.143291925
Prevotella,0.008808131
Prevotella,0.0009016
Prevotella,0.001291303
Prevotella,0.012769872
Prevotella,0.001205684
Prevotella,0.000486377
Prevotella,0.011678189
Roseburia,0
Roseburia,1.31E-05
Roseburia,0
Roseburia,3.80E-06
Roseburia,0
Roseburia,0
Roseburia,0
Roseburia,0
Roseburia,0
Roseburia,5.81E-07
Roseburia,3.21E-07
Roseburia,0
Roseburia,0
Roseburia,1.48E-06
Roseburia,1.43E-06
Roseburia,0
Roseburia,0
Fusobacterium,0.027621925
Fusobacterium,0.027967866
Fusobacterium,0.000320298
Fusobacterium,0.040911815
Fusobacterium,0.000406651
Fusobacterium,0.004406413
Fusobacterium,8.45E-05
Fusobacterium,0.013879095
Fusobacterium,0.0001409
Fusobacterium,4.01E-05
Fusobacterium,0.001367259
Fusobacterium,0.000586231
Fusobacterium,9.32E-05
Fusobacterium,0.265064089
Fusobacterium,0.000184319
Fusobacterium,7.32E-05
Fusobacterium,0.009048394
Desulfovibrio,0.000774653
Desulfovibrio,0.00020011
Desulfovibrio,0.004061963
Desulfovibrio,0.000239767
Desulfovibrio,0.000116186
Desulfovibrio,0.000267228
Desulfovibrio,0.000578275
Desulfovibrio,0.000221835
Desulfovibrio,0.004412735
Desulfovibrio,0.000172502
Desulfovibrio,0.00019737
Desulfovibrio,0.000128437
Desulfovibrio,0.00066781
Desulfovibrio,9.81E-05
Desulfovibrio,0.007706932
Desulfovibrio,0.000176188
Desulfovibrio,0.0016809
Acidaminococcus,0
Acidaminococcus,1.46E-06
Acidaminococcus,0
Acidaminococcus,8.44E-08
Acidaminococcus,0
Acidaminococcus,0
Acidaminococcus,0
Acidaminococcus,0
Acidaminococcus,0
Acidaminococcus,3.48E-06
Acidaminococcus,0
Acidaminococcus,0
Acidaminococcus,0
Acidaminococcus,0
Acidaminococcus,0
Acidaminococcus,0
Acidaminococcus,0
Megasphaera,2.21E-05
Megasphaera,0.01063648
Megasphaera,0
Megasphaera,1.27E-05
Megasphaera,2.27E-05
Megasphaera,3.98E-05
Megasphaera,0
Megasphaera,1.71E-05
Megasphaera,0
Megasphaera,5.87E-05
Megasphaera,4.56E-06
Megasphaera,1.02E-05
Megasphaera,1.53E-05
Megasphaera,8.85E-06
Megasphaera,2.03E-05
Megasphaera,1.99E-05
Megasphaera,6.78E-06
Selenomonas,0.000663989
Selenomonas,0.003394559
Selenomonas,7.28E-05
Selenomonas,0.001378409
Selenomonas,0.000128815
Selenomonas,3.41E-05
Selenomonas,1.30E-05
Selenomonas,2.71E-05
Selenomonas,4.48E-05
Selenomonas,7.55E-06
Selenomonas,0.00014467
Selenomonas,6.49E-05
Selenomonas,6.72E-05
Selenomonas,0.000255958
Selenomonas,0.000154011
Selenomonas,3.10E-05
Selenomonas,6.78E-05
Capnocytophaga,0.007182143
Capnocytophaga,0.004959649
Capnocytophaga,0.000276621
Capnocytophaga,2.04E-05
Capnocytophaga,0.000204588
Capnocytophaga,0.000437798
Capnocytophaga,3.25E-05
Capnocytophaga,6.67E-05
Capnocytophaga,3.84E-05
Capnocytophaga,3.14E-05
Capnocytophaga,3.85E-05
Capnocytophaga,0.000203464
Capnocytophaga,0.000191021
Capnocytophaga,0.00028325
Capnocytophaga,5.13E-05
Capnocytophaga,8.81E-05
Capnocytophaga,0.000860784
Afipia,0.000110665
Afipia,5.26E-05
Afipia,0.000131031
Afipia,1.19E-05
Afipia,1.77E-05
Afipia,0
Afipia,0.000136447
Afipia,6.31E-06
Afipia,0.000134496
Afipia,5.81E-06
Afipia,1.59E-05
Afipia,2.54E-06
Afipia,8.56E-05
Afipia,1.18E-05
Afipia,0.000664824
Afipia,0.000337486
Afipia,0.000108445
Peptostreptococcus,8.85E-05
Peptostreptococcus,9.71E-05
Peptostreptococcus,0
Peptostreptococcus,1.35E-06
Peptostreptococcus,3.79E-05
Peptostreptococcus,0.000187628
Peptostreptococcus,3.90E-05
Peptostreptococcus,3.61E-06
Peptostreptococcus,0
Peptostreptococcus,1.05E-05
Peptostreptococcus,1.29E-06
Peptostreptococcus,7.88E-05
Peptostreptococcus,1.53E-06
Peptostreptococcus,2.21E-06
Peptostreptococcus,5.59E-06
Peptostreptococcus,0
Peptostreptococcus,0.000447336
Ruminococcus,0
Ruminococcus,1.46E-05
Ruminococcus,0
Ruminococcus,9.12E-06
Ruminococcus,1.77E-05
Ruminococcus,1.71E-05
Ruminococcus,6.50E-06
Ruminococcus,5.41E-06
Ruminococcus,1.28E-05
Ruminococcus,4.07E-06
Ruminococcus,1.70E-05
Ruminococcus,6.36E-06
Ruminococcus,9.17E-06
Ruminococcus,5.90E-06
Ruminococcus,1.93E-05
Ruminococcus,6.20E-06
Ruminococcus,2.71E-05
Staphylococcus,0.037692418
Staphylococcus,0.070399124
Staphylococcus,0.064146988
Staphylococcus,0.136132611
Staphylococcus,0.122917177
Staphylococcus,0.127279964
Staphylococcus,0.040654685
Staphylococcus,0.102384813
Staphylococcus,0.138427939
Staphylococcus,0.040345795
Staphylococcus,0.229818954
Staphylococcus,0.110512729
Staphylococcus,0.135077891
Staphylococcus,0.080293371
Staphylococcus,0.209514769
Staphylococcus,0.13484681
Staphylococcus,0.029436085
Streptococcus,0.102143576
Streptococcus,0.306230418
Streptococcus,0.226334333
Streptococcus,0.245445899
Streptococcus,0.434414284
Streptococcus,0.407306118
Streptococcus,0.072986108
Streptococcus,0.419385644
Streptococcus,0.111631303
Streptococcus,0.335791733
Streptococcus,0.360755225
Streptococcus,0.454064193
Streptococcus,0.402779433
Streptococcus,0.331518761
Streptococcus,0.295801739
Streptococcus,0.380897788
Streptococcus,0.06180019
Enterococcus,0.008908513
Enterococcus,0.002332664
Enterococcus,0.013175902
Enterococcus,0.000901238
Enterococcus,0.003627023
Enterococcus,0.004679327
Enterococcus,0.002891375
Enterococcus,0.002414932
Enterococcus,0.00682725
Enterococcus,0.001419514
Enterococcus,0.001099386
Enterococcus,0.002823063
Enterococcus,0.00856997
Enterococcus,0.002320588
Enterococcus,0.003493738
Enterococcus,0.003180063
Enterococcus,0.007428494
Gemella,1.11E-05
Gemella,0.002712434
Gemella,0
Gemella,1.14E-05
Gemella,3.28E-05
Gemella,2.84E-05
Gemella,0
Gemella,0.000322833
Gemella,1.28E-05
Gemella,0.00176568
Gemella,0.0004378
Gemella,3.94E-05
Gemella,1.22E-05
Gemella,1.18E-05
Gemella,1.47E-05
Gemella,1.12E-05
Gemella,0.00093534
Atopobium,8.85E-05
Atopobium,0.009370093
Atopobium,0.000203826
Atopobium,0.000632175
Atopobium,6.06E-05
Atopobium,6.82E-05
Atopobium,1.30E-05
Atopobium,4.60E-05
Atopobium,0.000256182
Atopobium,0.027697367
Atopobium,0.00035213
Atopobium,6.49E-05
Atopobium,0.000415662
Atopobium,7.82E-05
Atopobium,0.000129687
Atopobium,7.44E-05
Atopobium,0.000244002
Clostridium,0.001958766
Clostridium,0.002924959
Clostridium,0.003275777
Clostridium,0.003235845
Clostridium,0.006425589
Clostridium,0.007652945
Clostridium,0.045111951
Clostridium,0.00671636
Clostridium,0.001357765
Clostridium,0.001997426
Clostridium,0.007401797
Clostridium,0.004551235
Clostridium,0.005755083
Clostridium,0.001801295
Clostridium,0.004312833
Clostridium,0.004377394
Clostridium,0.002670462
Lactobacillus,0.012947777
Lactobacillus,0.002192441
Lactobacillus,0.015316076
Lactobacillus,0.005256391
Lactobacillus,0.003041041
Lactobacillus,0.003655902
Lactobacillus,0.002670461
Lactobacillus,0.003004687
Lactobacillus,0.012898763
Lactobacillus,0.001586208
Lactobacillus,0.005652459
Lactobacillus,0.003278313
Lactobacillus,0.006186027
Lactobacillus,0.002949787
Lactobacillus,0.007146561
Lactobacillus,0.004265726
Lactobacillus,0.11516199
Actinomyces,0.000995983
Actinomyces,0.032235165
Actinomyces,0.000931776
Actinomyces,0.000111441
Actinomyces,0.000181856
Actinomyces,0.000113714
Actinomyces,0.000682235
Actinomyces,0.000125346
Actinomyces,0.002023838
Actinomyces,0.042239254
Actinomyces,1.30E-05
Actinomyces,0.000349704
Actinomyces,8.40E-05
Actinomyces,0.000198423
Actinomyces,0.000264707
Actinomyces,1.61E-05
Actinomyces,0.007882608
Bifidobacterium,1.11E-05
Bifidobacterium,0.000173818
Bifidobacterium,1.46E-05
Bifidobacterium,3.27E-05
Bifidobacterium,6.06E-05
Bifidobacterium,0.000233113
Bifidobacterium,1.95E-05
Bifidobacterium,2.52E-05
Bifidobacterium,1.92E-05
Bifidobacterium,4.41E-05
Bifidobacterium,0.000176161
Bifidobacterium,0.000106819
Bifidobacterium,0.000117669
Bifidobacterium,4.94E-05
Bifidobacterium,0.000162726
Bifidobacterium,5.09E-05
Bifidobacterium,4.74E-05
Brevibacterium,5.53E-05
Brevibacterium,8.03E-06
Brevibacterium,0.000189267
Brevibacterium,1.18E-06
Brevibacterium,0
Brevibacterium,0
Brevibacterium,5.20E-05
Brevibacterium,0
Brevibacterium,5.12E-05
Brevibacterium,8.13E-06
Brevibacterium,9.00E-07
Brevibacterium,0
Brevibacterium,0
Brevibacterium,7.38E-07
Brevibacterium,2.73E-06
Brevibacterium,0
Brevibacterium,0.000176223
Corynebacterium,0.001305844
Corynebacterium,0.006007668
Corynebacterium,0.001688845
Corynebacterium,2.95E-05
Corynebacterium,0.000292991
Corynebacterium,0.000261542
Corynebacterium,0.000493808
Corynebacterium,0.000246182
Corynebacterium,0.000819782
Corynebacterium,0.000390308
Corynebacterium,8.71E-05
Corynebacterium,0.000247972
Corynebacterium,0.000965803
Corynebacterium,0.000185145
Corynebacterium,0.000120711
Corynebacterium,0.000300263
Corynebacterium,0.004500474
Eubacterium,5.53E-05
Eubacterium,1.61E-05
Eubacterium,1.46E-05
Eubacterium,8.86E-06
Eubacterium,2.53E-06
Eubacterium,5.69E-06
Eubacterium,6.50E-06
Eubacterium,4.51E-06
Eubacterium,0
Eubacterium,5.81E-07
Eubacterium,2.06E-06
Eubacterium,0
Eubacterium,9.17E-06
Eubacterium,4.43E-06
Eubacterium,8.32E-06
Eubacterium,6.20E-06
Eubacterium,1.36E-05
Propionibacterium,0.001582506
Propionibacterium,0.000663867
Propionibacterium,0.001834435
Propionibacterium,0.000426938
Propionibacterium,0.000555672
Propionibacterium,0.000909711
Propionibacterium,0.001396957
Propionibacterium,0.000449982
Propionibacterium,0.002337661
Propionibacterium,0.000336873
Propionibacterium,0.000201869
Propionibacterium,0.000736285
Propionibacterium,0.00132645
Propionibacterium,0.000477247
Propionibacterium,0.001113849
Propionibacterium,0.000564545
Propionibacterium,0.009299173
Mycobacterium,0.070615185
Mycobacterium,0.107761913
Mycobacterium,0.152607518
Mycobacterium,0.192728837
Mycobacterium,0.301472278
Mycobacterium,0.301506709
Mycobacterium,0.044787078
Mycobacterium,0.308602676
Mycobacterium,0.145267998
Mycobacterium,0.110887626
Mycobacterium,0.274243232
Mycobacterium,0.265973194
Mycobacterium,0.234728246
Mycobacterium,0.20879758
Mycobacterium,0.225188657
Mycobacterium,0.326449608
Mycobacterium,0.22702318
Mobiluncus,0
Mobiluncus,2.92E-06
Mobiluncus,0
Mobiluncus,7.77E-06
Mobiluncus,0
Mobiluncus,0
Mobiluncus,3.90E-05
Mobiluncus,1.80E-06
Mobiluncus,0
Mobiluncus,1.74E-06
Mobiluncus,2.89E-06
Mobiluncus,1.27E-06
Mobiluncus,4.58E-06
Mobiluncus,0
Mobiluncus,7.54E-06
Mobiluncus,9.93E-06
Mobiluncus,1.36E-05
Gordonia,0.00056439
Gordonia,5.84E-06
Gordonia,0.000451329
Gordonia,9.29E-07
Gordonia,0
Gordonia,0
Gordonia,0.000162437
Gordonia,9.02E-07
Gordonia,0.000217755
Gordonia,5.81E-06
Gordonia,8.35E-07
Gordonia,1.27E-06
Gordonia,3.06E-06
Gordonia,0
Gordonia,1.04E-06
Gordonia,6.20E-06
Gordonia,9.49E-05
Mycoplasma,0.013246572
Mycoplasma,0.004582801
Mycoplasma,0.019989518
Mycoplasma,0.001890616
Mycoplasma,0.006738786
Mycoplasma,0.00887537
Mycoplasma,0.005542344
Mycoplasma,0.005691953
Mycoplasma,0.009120079
Mycoplasma,0.002683369
Mycoplasma,0.002518767
Mycoplasma,0.005602889
Mycoplasma,0.018235638
Mycoplasma,0.005326435
Mycoplasma,0.005139603
Mycoplasma,0.007883776
Mycoplasma,0.011996747
Thermosipho,1.11E-05
Thermosipho,0
Thermosipho,0
Thermosipho,0
Thermosipho,0
Thermosipho,0
Thermosipho,0
Thermosipho,1.80E-06
Thermosipho,0
Thermosipho,5.81E-07
Thermosipho,0
Thermosipho,0
Thermosipho,1.53E-06
Thermosipho,7.38E-07
Thermosipho,6.50E-07
Thermosipho,0
Thermosipho,6.78E-06
Gardnerella,0
Gardnerella,9.57E-05
Gardnerella,1.46E-05
Gardnerella,1.67E-05
Gardnerella,0
Gardnerella,2.27E-05
Gardnerella,0.000162437
Gardnerella,9.92E-06
Gardnerella,1.28E-05
Gardnerella,9.29E-06
Gardnerella,4.76E-06
Gardnerella,1.14E-05
Gardnerella,2.75E-05
Gardnerella,8.85E-06
Gardnerella,8.19E-06
Gardnerella,2.48E-05
Gardnerella,1.36E-05
Cardiobacterium,0
Cardiobacterium,2.41E-05
Cardiobacterium,1.46E-05
Cardiobacterium,1.69E-07
Cardiobacterium,0
Cardiobacterium,0
Cardiobacterium,0
Cardiobacterium,0
Cardiobacterium,0
Cardiobacterium,5.81E-07
Cardiobacterium,7.71E-07
Cardiobacterium,0
Cardiobacterium,0
Cardiobacterium,0
Cardiobacterium,7.80E-07
Cardiobacterium,1.24E-06
Cardiobacterium,0
Sinorhizobium,0.001405442
Sinorhizobium,1.75E-05
Sinorhizobium,0.002882684
Sinorhizobium,0.000411066
Sinorhizobium,4.29E-05
Sinorhizobium,9.10E-05
Sinorhizobium,0.001624368
Sinorhizobium,4.60E-05
Sinorhizobium,0.009709297
Sinorhizobium,3.08E-05
Sinorhizobium,0.000103087
Sinorhizobium,5.98E-05
Sinorhizobium,0.000207831
Sinorhizobium,4.20E-05
Sinorhizobium,0.000986634
Sinorhizobium,0.000112909
Sinorhizobium,0.008262166
Rikenella,0
Rikenella,7.30E-07
Rikenella,0
Rikenella,1.77E-06
Rikenella,0
Rikenella,0
Rikenella,0
Rikenella,9.02E-07
Rikenella,0
Rikenella,5.81E-07
Rikenella,2.19E-06
Rikenella,2.54E-06
Rikenella,0
Rikenella,1.48E-06
Rikenella,1.30E-06
Rikenella,1.24E-06
Rikenella,0
Veillonella,6.64E-05
Veillonella,0.086438561
Veillonella,0
Veillonella,0.000695832
Veillonella,0.000174279
Veillonella,0.000301342
Veillonella,3.90E-05
Veillonella,0.00032644
Veillonella,1.28E-05
Veillonella,0.127020949
Veillonella,7.59E-05
Veillonella,8.39E-05
Veillonella,4.74E-05
Veillonella,3.54E-05
Veillonella,8.83E-05
Veillonella,1.74E-05
Veillonella,0.003856581
Helcococcus,0
Helcococcus,1.53E-05
Helcococcus,0
Helcococcus,2.11E-06
Helcococcus,0
Helcococcus,0
Helcococcus,0
Helcococcus,0
Helcococcus,0
Helcococcus,1.16E-06
Helcococcus,5.14E-07
Helcococcus,0
Helcococcus,0
Helcococcus,0
Helcococcus,3.90E-07
Helcococcus,0
Helcococcus,0
Leptotrichia,0.002279694
Leptotrichia,0.037187511
Leptotrichia,0.000101913
Leptotrichia,0.000117435
Leptotrichia,4.80E-05
Leptotrichia,6.25E-05
Leptotrichia,5.20E-05
Leptotrichia,0.000190273
Leptotrichia,6.40E-06
Leptotrichia,2.85E-05
Leptotrichia,0.000197499
Leptotrichia,0.000136067
Leptotrichia,0.000128366
Leptotrichia,0.000192522
Leptotrichia,7.70E-05
Leptotrichia,8.81E-05
Leptotrichia,0.006066152
Rothia,4.43E-05
Rothia,0.02596604
Rothia,1.46E-05
Rothia,1.77E-06
Rothia,8.84E-05
Rothia,0
Rothia,1.95E-05
Rothia,0.000243477
Rothia,6.40E-06
Rothia,0.094827486
Rothia,5.14E-06
Rothia,1.65E-05
Rothia,0.000171155
Rothia,1.40E-05
Rothia,0.000198628
Rothia,9.93E-06
Rothia,0.008079165
Kingella,0
Kingella,4.60E-05
Kingella,0
Kingella,1.69E-07
Kingella,5.05E-06
Kingella,0
Kingella,0
Kingella,8.12E-06
Kingella,1.28E-05
Kingella,1.16E-06
Kingella,2.57E-07
Kingella,0
Kingella,0
Kingella,0
Kingella,0
Kingella,0
Kingella,0
Phascolarctobacterium,0
Phascolarctobacterium,0
Phascolarctobacterium,0
Phascolarctobacterium,0
Phascolarctobacterium,0
Phascolarctobacterium,0
Phascolarctobacterium,0
Phascolarctobacterium,0
Phascolarctobacterium,0
Phascolarctobacterium,0
Phascolarctobacterium,0
Phascolarctobacterium,0
Phascolarctobacterium,0
Phascolarctobacterium,0
Phascolarctobacterium,0
Phascolarctobacterium,0
Phascolarctobacterium,0
Coprococcus,0
Coprococcus,4.38E-06
Coprococcus,0
Coprococcus,6.75E-07
Coprococcus,0
Coprococcus,0
Coprococcus,0
Coprococcus,0
Coprococcus,0
Coprococcus,0
Coprococcus,6.43E-08
Coprococcus,0
Coprococcus,0
Coprococcus,0
Coprococcus,1.30E-07
Coprococcus,0
Coprococcus,1.36E-05
Streptobacillus,1.11E-05
Streptobacillus,1.68E-05
Streptobacillus,0
Streptobacillus,4.90E-06
Streptobacillus,5.05E-06
Streptobacillus,0
Streptobacillus,6.50E-06
Streptobacillus,0
Streptobacillus,0
Streptobacillus,5.81E-07
Streptobacillus,3.21E-07
Streptobacillus,1.27E-06
Streptobacillus,3.06E-06
Streptobacillus,1.48E-06
Streptobacillus,3.90E-07
Streptobacillus,0
Streptobacillus,6.78E-06
Acetivibrio,2.21E-05
Acetivibrio,3.51E-05
Acetivibrio,5.82E-05
Acetivibrio,5.91E-06
Acetivibrio,3.54E-05
Acetivibrio,5.69E-05
Acetivibrio,2.60E-05
Acetivibrio,4.87E-05
Acetivibrio,3.84E-05
Acetivibrio,2.21E-05
Acetivibrio,1.16E-05
Acetivibrio,3.69E-05
Acetivibrio,0.000146704
Acetivibrio,3.25E-05
Acetivibrio,2.41E-05
Acetivibrio,6.45E-05
Acetivibrio,1.36E-05
Bilophila,0.000841052
Bilophila,2.19E-05
Bilophila,0.000101913
Bilophila,4.80E-05
Bilophila,3.28E-05
Bilophila,3.98E-05
Bilophila,7.15E-05
Bilophila,3.79E-05
Bilophila,0.000294609
Bilophila,2.21E-05
Bilophila,2.67E-05
Bilophila,2.67E-05
Bilophila,0.000114613
Bilophila,2.95E-05
Bilophila,4.68E-05
Bilophila,4.22E-05
Bilophila,3.39E-05
Dietzia,0.000110665
Dietzia,1.46E-06
Dietzia,7.28E-05
Dietzia,4.22E-07
Dietzia,0
Dietzia,0
Dietzia,6.50E-06
Dietzia,0
Dietzia,6.40E-05
Dietzia,2.32E-06
Dietzia,6.43E-08
Dietzia,3.81E-06
Dietzia,1.53E-06
Dietzia,7.38E-07
Dietzia,3.90E-07
Dietzia,0
Dietzia,0.000101667
Dialister,0
Dialister,1.83E-05
Dialister,0
Dialister,6.75E-07
Dialister,1.52E-05
Dialister,7.96E-05
Dialister,0
Dialister,4.51E-06
Dialister,0
Dialister,7.55E-06
Dialister,0.00067521
Dialister,4.96E-05
Dialister,0
Dialister,7.30E-05
Dialister,1.66E-05
Dialister,0
Dialister,6.78E-06
Sutterella,1.11E-05
Sutterella,4.38E-06
Sutterella,0.000189267
Sutterella,2.37E-05
Sutterella,5.05E-06
Sutterella,1.14E-05
Sutterella,0.00010396
Sutterella,8.12E-06
Sutterella,6.40E-06
Sutterella,3.48E-06
Sutterella,1.15E-05
Sutterella,2.54E-06
Sutterella,2.14E-05
Sutterella,8.85E-06
Sutterella,9.50E-06
Sutterella,7.44E-06
Sutterella,7.46E-05
Brevundimonas,0.000276662
Brevundimonas,0.000707687
Brevundimonas,0.000451329
Brevundimonas,0.000836484
Brevundimonas,0.001358871
Brevundimonas,0.001245167
Brevundimonas,0.000227412
Brevundimonas,0.000891847
Brevundimonas,0.000301014
Brevundimonas,0.000447228
Brevundimonas,0.000747127
Brevundimonas,0.000960096
Brevundimonas,0.001850612
Brevundimonas,0.000863029
Brevundimonas,0.001123995
Brevundimonas,0.001729617
Brevundimonas,0.000305002
Johnsonella,0
Johnsonella,2.34E-05
Johnsonella,2.91E-05
Johnsonella,1.78E-05
Johnsonella,0
Johnsonella,1.71E-05
Johnsonella,0
Johnsonella,0
Johnsonella,0
Johnsonella,5.81E-07
Johnsonella,3.28E-06
Johnsonella,1.27E-06
Johnsonella,0
Johnsonella,7.38E-07
Johnsonella,2.60E-07
Johnsonella,0
Johnsonella,6.78E-06
Catonella,0.001372243
Catonella,9.71E-05
Catonella,0
Catonella,1.44E-06
Catonella,2.78E-05
Catonella,0
Catonella,0
Catonella,9.38E-05
Catonella,0
Catonella,5.81E-07
Catonella,2.57E-06
Catonella,1.14E-05
Catonella,0
Catonella,0
Catonella,4.49E-05
Catonella,0
Catonella,0.000867561
Polynucleobacter,0
Polynucleobacter,7.30E-07
Polynucleobacter,0
Polynucleobacter,8.44E-08
Polynucleobacter,0
Polynucleobacter,0
Polynucleobacter,0
Polynucleobacter,0
Polynucleobacter,0
Polynucleobacter,0
Polynucleobacter,6.43E-08
Polynucleobacter,0
Polynucleobacter,0
Polynucleobacter,0
Polynucleobacter,0
Polynucleobacter,0
Polynucleobacter,0
Filifactor,0
Filifactor,1.61E-05
Filifactor,0
Filifactor,8.70E-06
Filifactor,0
Filifactor,0.000198999
Filifactor,0
Filifactor,1.98E-05
Filifactor,0
Filifactor,0
Filifactor,2.31E-06
Filifactor,1.91E-05
Filifactor,0
Filifactor,7.38E-07
Filifactor,1.30E-07
Filifactor,0
Filifactor,0
Abiotrophia,0
Abiotrophia,2.34E-05
Abiotrophia,0
Abiotrophia,0
Abiotrophia,0
Abiotrophia,0
Abiotrophia,0
Abiotrophia,0
Abiotrophia,0
Abiotrophia,2.90E-06
Abiotrophia,6.43E-08
Abiotrophia,1.27E-06
Abiotrophia,0
Abiotrophia,0
Abiotrophia,1.95E-06
Abiotrophia,0
Abiotrophia,6.78E-06
Lautropia,5.53E-05
Lautropia,0.000162133
Lautropia,1.46E-05
Lautropia,0
Lautropia,5.05E-06
Lautropia,0
Lautropia,0
Lautropia,0
Lautropia,0
Lautropia,0
Lautropia,0
Lautropia,0
Lautropia,1.53E-06
Lautropia,0
Lautropia,0
Lautropia,0
Lautropia,6.78E-06
Mitsuokella,0
Mitsuokella,1.46E-05
Mitsuokella,0
Mitsuokella,4.22E-06
Mitsuokella,2.02E-05
Mitsuokella,0
Mitsuokella,0
Mitsuokella,9.02E-07
Mitsuokella,0
Mitsuokella,1.16E-06
Mitsuokella,3.86E-07
Mitsuokella,5.09E-06
Mitsuokella,0
Mitsuokella,1.48E-06
Mitsuokella,1.82E-06
Mitsuokella,1.24E-06
Mitsuokella,6.78E-06
Chryseobacterium,0.004138862
Chryseobacterium,0.000239547
Chryseobacterium,0.003057392
Chryseobacterium,0.000340571
Chryseobacterium,0.000303094
Chryseobacterium,0.000443484
Chryseobacterium,0.000734214
Chryseobacterium,0.000293976
Chryseobacterium,0.001325742
Chryseobacterium,0.000134168
Chryseobacterium,0.00014242
Chryseobacterium,0.000289936
Chryseobacterium,0.000689204
Chryseobacterium,0.000205061
Chryseobacterium,0.000520958
Chryseobacterium,0.000400765
Chryseobacterium,0.002013013
Empedobacter,1.11E-05
Empedobacter,6.57E-06
Empedobacter,2.91E-05
Empedobacter,1.17E-05
Empedobacter,2.53E-06
Empedobacter,0
Empedobacter,1.30E-05
Empedobacter,1.17E-05
Empedobacter,0
Empedobacter,2.32E-06
Empedobacter,1.80E-06
Empedobacter,1.27E-06
Empedobacter,1.38E-05
Empedobacter,1.03E-05
Empedobacter,4.55E-06
Empedobacter,1.74E-05
Empedobacter,4.07E-05
Bergeyella,1.11E-05
Bergeyella,3.65E-06
Bergeyella,0
Bergeyella,5.66E-06
Bergeyella,5.05E-06
Bergeyella,5.69E-06
Bergeyella,0
Bergeyella,2.71E-06
Bergeyella,0
Bergeyella,1.74E-06
Bergeyella,5.21E-06
Bergeyella,2.54E-06
Bergeyella,1.38E-05
Bergeyella,3.69E-06
Bergeyella,5.46E-06
Bergeyella,1.12E-05
Bergeyella,2.03E-05
Holdemania,0
Holdemania,0
Holdemania,0
Holdemania,5.07E-07
Holdemania,0
Holdemania,0
Holdemania,0
Holdemania,0
Holdemania,0
Holdemania,0
Holdemania,1.29E-07
Holdemania,0
Holdemania,0
Holdemania,7.38E-07
Holdemania,1.30E-07
Holdemania,0
Holdemania,0
Mannheimia,0.001527174
Mannheimia,3.80E-05
Mannheimia,0.001310311
Mannheimia,0.000105447
Mannheimia,3.54E-05
Mannheimia,6.82E-05
Mannheimia,0.000214417
Mannheimia,5.86E-05
Mannheimia,0.000627646
Mannheimia,3.14E-05
Mannheimia,0.000129438
Mannheimia,4.71E-05
Mannheimia,0.000210887
Mannheimia,3.91E-05
Mannheimia,0.000114858
Mannheimia,8.19E-05
Mannheimia,0.000942117
Actinobaculum,0
Actinobaculum,4.38E-06
Actinobaculum,0
Actinobaculum,9.29E-07
Actinobaculum,0
Actinobaculum,0
Actinobaculum,0
Actinobaculum,0
Actinobaculum,0
Actinobaculum,2.32E-06
Actinobaculum,1.29E-07
Actinobaculum,0
Actinobaculum,1.53E-06
Actinobaculum,0
Actinobaculum,1.30E-07
Actinobaculum,0
Actinobaculum,0
Delftia,5.53E-05
Delftia,6.43E-05
Delftia,0.00058236
Delftia,1.10E-05
Delftia,2.53E-06
Delftia,5.69E-06
Delftia,1.30E-05
Delftia,0
Delftia,0.000102473
Delftia,5.81E-06
Delftia,1.18E-05
Delftia,7.63E-06
Delftia,2.90E-05
Delftia,4.43E-06
Delftia,0.000205912
Delftia,8.69E-05
Delftia,0.000142334
Centipeda,0
Centipeda,5.55E-05
Centipeda,0
Centipeda,1.27E-05
Centipeda,0
Centipeda,0
Centipeda,0
Centipeda,1.80E-06
Centipeda,0
Centipeda,0
Centipeda,2.64E-06
Centipeda,2.54E-06
Centipeda,0
Centipeda,0
Centipeda,5.85E-06
Centipeda,0
Centipeda,0
Leclercia,0
Leclercia,7.30E-07
Leclercia,0
Leclercia,2.87E-06
Leclercia,0
Leclercia,0
Leclercia,0
Leclercia,0
Leclercia,1.92E-05
Leclercia,0
Leclercia,2.19E-06
Leclercia,0
Leclercia,6.11E-06
Leclercia,0
Leclercia,3.12E-06
Leclercia,0
Leclercia,0
Slackia,0
Slackia,6.57E-06
Slackia,0
Slackia,4.22E-07
Slackia,5.05E-06
Slackia,1.71E-05
Slackia,0
Slackia,1.08E-05
Slackia,0
Slackia,1.16E-06
Slackia,0.000145698
Slackia,2.54E-06
Slackia,0
Slackia,5.90E-06
Slackia,2.21E-06
Slackia,0
Slackia,0
Eggerthella,0
Eggerthella,5.11E-06
Eggerthella,0
Eggerthella,6.75E-07
Eggerthella,0
Eggerthella,0
Eggerthella,0
Eggerthella,9.02E-07
Eggerthella,0
Eggerthella,5.81E-07
Eggerthella,1.80E-06
Eggerthella,0
Eggerthella,0
Eggerthella,0
Eggerthella,1.95E-06
Eggerthella,0
Eggerthella,0
Cryptobacterium,0
Cryptobacterium,7.30E-07
Cryptobacterium,0
Cryptobacterium,1.69E-07
Cryptobacterium,0
Cryptobacterium,0
Cryptobacterium,0
Cryptobacterium,0
Cryptobacterium,0
Cryptobacterium,0
Cryptobacterium,1.93E-07
Cryptobacterium,2.54E-06
Cryptobacterium,0
Cryptobacterium,4.43E-06
Cryptobacterium,0
Cryptobacterium,0
Cryptobacterium,0
Pedobacter,9.96E-05
Pedobacter,2.78E-05
Pedobacter,0.000116472
Pedobacter,5.01E-05
Pedobacter,1.77E-05
Pedobacter,1.71E-05
Pedobacter,5.20E-05
Pedobacter,9.02E-06
Pedobacter,0.000179327
Pedobacter,9.87E-06
Pedobacter,2.17E-05
Pedobacter,1.78E-05
Pedobacter,6.88E-05
Pedobacter,1.33E-05
Pedobacter,2.99E-05
Pedobacter,2.48E-05
Pedobacter,8.13E-05
Mogibacterium,0
Mogibacterium,2.26E-05
Mogibacterium,0
Mogibacterium,3.28E-05
Mogibacterium,0
Mogibacterium,5.69E-05
Mogibacterium,0
Mogibacterium,3.61E-06
Mogibacterium,0
Mogibacterium,2.32E-06
Mogibacterium,9.00E-07
Mogibacterium,0
Mogibacterium,1.53E-06
Mogibacterium,9.88E-05
Mogibacterium,6.50E-07
Mogibacterium,0
Mogibacterium,2.71E-05
Coprobacillus,8.85E-05
Coprobacillus,1.02E-05
Coprobacillus,0.00014559
Coprobacillus,6.84E-06
Coprobacillus,7.58E-06
Coprobacillus,1.71E-05
Coprobacillus,1.95E-05
Coprobacillus,6.31E-06
Coprobacillus,0.000128091
Coprobacillus,4.65E-06
Coprobacillus,2.89E-06
Coprobacillus,1.40E-05
Coprobacillus,4.58E-06
Coprobacillus,9.59E-06
Coprobacillus,7.41E-06
Coprobacillus,2.36E-05
Coprobacillus,0.000189779
Collinsella,0.000509058
Collinsella,8.03E-06
Collinsella,0.000334857
Collinsella,2.95E-05
Collinsella,1.52E-05
Collinsella,3.41E-05
Collinsella,0.000753707
Collinsella,4.51E-06
Collinsella,0.003881157
Collinsella,5.81E-06
Collinsella,7.07E-07
Collinsella,3.81E-06
Collinsella,6.11E-06
Collinsella,3.69E-06
Collinsella,0.000167539
Collinsella,4.96E-06
Collinsella,0.000393114
Ensifer,0.000354127
Ensifer,0.000560891
Ensifer,0.000203826
Ensifer,0.002781216
Ensifer,0.001217427
Ensifer,0.001029111
Ensifer,1.30E-05
Ensifer,0.000807081
Ensifer,2.56E-05
Ensifer,0.000387404
Ensifer,0.003972596
Ensifer,0.000988072
Ensifer,0.001497605
Ensifer,0.000582729
Ensifer,0.004419366
Ensifer,0.001095589
Ensifer,7.46E-05
Pseudoramibacter,0
Pseudoramibacter,7.30E-07
Pseudoramibacter,0
Pseudoramibacter,1.69E-07
Pseudoramibacter,0
Pseudoramibacter,0
Pseudoramibacter,0
Pseudoramibacter,0
Pseudoramibacter,0
Pseudoramibacter,0
Pseudoramibacter,1.29E-07
Pseudoramibacter,5.09E-06
Pseudoramibacter,0
Pseudoramibacter,0
Pseudoramibacter,6.50E-07
Pseudoramibacter,0
Pseudoramibacter,6.78E-06
Granulicatella,0
Granulicatella,0.000733978
Granulicatella,0
Granulicatella,0.000230734
Granulicatella,0
Granulicatella,4.55E-05
Granulicatella,1.30E-05
Granulicatella,1.35E-05
Granulicatella,0
Granulicatella,0.002857033
Granulicatella,0.000148976
Granulicatella,1.65E-05
Granulicatella,0
Granulicatella,5.02E-05
Granulicatella,4.42E-06
Granulicatella,0
Granulicatella,2.03E-05
Bulleidia,2.21E-05
Bulleidia,2.34E-05
Bulleidia,2.91E-05
Bulleidia,1.16E-05
Bulleidia,0
Bulleidia,0
Bulleidia,0
Bulleidia,9.02E-07
Bulleidia,0
Bulleidia,0.000238715
Bulleidia,1.48E-06
Bulleidia,1.27E-06
Bulleidia,0
Bulleidia,1.48E-06
Bulleidia,0
Bulleidia,3.72E-06
Bulleidia,3.39E-05
Solobacterium,1.11E-05
Solobacterium,0.001976995
Solobacterium,0
Solobacterium,0.002123038
Solobacterium,0
Solobacterium,0.000341142
Solobacterium,0
Solobacterium,1.89E-05
Solobacterium,0
Solobacterium,2.90E-06
Solobacterium,0.000347567
Solobacterium,1.02E-05
Solobacterium,0
Solobacterium,8.48E-05
Solobacterium,2.22E-05
Solobacterium,0
Solobacterium,7.46E-05
Olsenella,0.000199197
Olsenella,6.57E-06
Olsenella,0.000189267
Olsenella,8.27E-06
Olsenella,2.02E-05
Olsenella,1.71E-05
Olsenella,0.000142944
Olsenella,9.02E-07
Olsenella,0.000435509
Olsenella,2.50E-05
Olsenella,3.98E-06
Olsenella,3.81E-05
Olsenella,3.97E-05
Olsenella,5.90E-06
Olsenella,0.000131768
Olsenella,1.24E-06
Olsenella,0.000101667
Raoultella,0.000132798
Raoultella,6.43E-05
Raoultella,0.000422211
Raoultella,2.41E-05
Raoultella,0.000111134
Raoultella,0.000164885
Raoultella,0.000155939
Raoultella,0.000112721
Raoultella,0.000115282
Raoultella,5.34E-05
Raoultella,4.52E-05
Raoultella,8.01E-05
Raoultella,0.00029188
Raoultella,9.07E-05
Raoultella,0.000108224
Raoultella,0.000136483
Raoultella,0.000264335
Peptoniphilus,1.11E-05
Peptoniphilus,0.000378309
Peptoniphilus,0
Peptoniphilus,9.84E-05
Peptoniphilus,7.58E-06
Peptoniphilus,0
Peptoniphilus,1.95E-05
Peptoniphilus,2.71E-06
Peptoniphilus,6.40E-06
Peptoniphilus,0.000171341
Peptoniphilus,0.00018291
Peptoniphilus,5.09E-06
Peptoniphilus,3.06E-06
Peptoniphilus,3.69E-06
Peptoniphilus,6.37E-06
Peptoniphilus,2.48E-06
Peptoniphilus,0.000128779
Anaerococcus,9.96E-05
Anaerococcus,2.41E-05
Anaerococcus,0
Anaerococcus,3.08E-05
Anaerococcus,5.05E-06
Anaerococcus,5.69E-06
Anaerococcus,3.25E-05
Anaerococcus,9.92E-06
Anaerococcus,6.40E-06
Anaerococcus,4.53E-05
Anaerococcus,3.97E-05
Anaerococcus,1.14E-05
Anaerococcus,1.99E-05
Anaerococcus,5.90E-06
Anaerococcus,1.43E-05
Anaerococcus,3.72E-06
Anaerococcus,0.000277891
Sneathia,4.43E-05
Sneathia,8.47E-05
Sneathia,0.000203826
Sneathia,1.03E-05
Sneathia,0.000106083
Sneathia,0.000193314
Sneathia,6.50E-05
Sneathia,9.20E-05
Sneathia,7.05E-05
Sneathia,3.78E-05
Sneathia,2.29E-05
Sneathia,9.03E-05
Sneathia,0.00025062
Sneathia,6.79E-05
Sneathia,4.59E-05
Sneathia,7.94E-05
Sneathia,8.13E-05
Shuttleworthia,4.43E-05
Shuttleworthia,1.24E-05
Shuttleworthia,0
Shuttleworthia,2.62E-06
Shuttleworthia,0
Shuttleworthia,3.98E-05
Shuttleworthia,0
Shuttleworthia,9.02E-07
Shuttleworthia,0
Shuttleworthia,1.16E-06
Shuttleworthia,4.86E-05
Shuttleworthia,2.54E-06
Shuttleworthia,0
Shuttleworthia,0.000213175
Shuttleworthia,1.82E-06
Shuttleworthia,0
Shuttleworthia,0
Varibaculum,0
Varibaculum,5.11E-06
Varibaculum,0
Varibaculum,6.86E-05
Varibaculum,0
Varibaculum,0
Varibaculum,0
Varibaculum,0
Varibaculum,0
Varibaculum,7.55E-06
Varibaculum,0
Varibaculum,0
Varibaculum,0
Varibaculum,0
Varibaculum,0
Varibaculum,0
Varibaculum,1.36E-05
Dorea,0
Dorea,1.17E-05
Dorea,0
Dorea,4.64E-06
Dorea,0
Dorea,0
Dorea,0
Dorea,0
Dorea,0
Dorea,0
Dorea,6.43E-08
Dorea,1.27E-06
Dorea,1.53E-06
Dorea,0
Dorea,1.30E-07
Dorea,0
Dorea,0
Allofustis,0
Allofustis,0
Allofustis,0
Allofustis,2.53E-07
Allofustis,0
Allofustis,0
Allofustis,0
Allofustis,0
Allofustis,0
Allofustis,5.81E-07
Allofustis,0
Allofustis,0
Allofustis,1.53E-06
Allofustis,0
Allofustis,0
Allofustis,0
Allofustis,0
Tannerella,2.21E-05
Tannerella,1.90E-05
Tannerella,0
Tannerella,5.83E-06
Tannerella,5.05E-06
Tannerella,4.55E-05
Tannerella,6.50E-06
Tannerella,1.08E-05
Tannerella,2.56E-05
Tannerella,7.55E-06
Tannerella,1.66E-05
Tannerella,0.00010046
Tannerella,3.06E-06
Tannerella,5.90E-06
Tannerella,4.42E-05
Tannerella,1.24E-06
Tannerella,7.46E-05
Scardovia,1.11E-05
Scardovia,2.92E-06
Scardovia,0
Scardovia,0.001277267
Scardovia,1.77E-05
Scardovia,1.14E-05
Scardovia,0
Scardovia,9.02E-07
Scardovia,0
Scardovia,8.71E-05
Scardovia,1.62E-05
Scardovia,6.36E-06
Scardovia,0
Scardovia,1.48E-06
Scardovia,3.90E-07
Scardovia,0
Scardovia,1.36E-05
Parascardovia,0
Parascardovia,2.92E-06
Parascardovia,0
Parascardovia,1.69E-07
Parascardovia,0
Parascardovia,0
Parascardovia,0
Parascardovia,9.02E-07
Parascardovia,0
Parascardovia,0
Parascardovia,1.93E-07
Parascardovia,5.09E-06
Parascardovia,1.53E-06
Parascardovia,0
Parascardovia,0
Parascardovia,0
Parascardovia,0
Tepidiphilus,4.43E-05
Tepidiphilus,7.30E-07
Tepidiphilus,0
Tepidiphilus,3.38E-07
Tepidiphilus,0
Tepidiphilus,0
Tepidiphilus,0.000142944
Tepidiphilus,0
Tepidiphilus,1.28E-05
Tepidiphilus,0
Tepidiphilus,0
Tepidiphilus,2.54E-06
Tepidiphilus,0
Tepidiphilus,0
Tepidiphilus,3.90E-07
Tepidiphilus,0
Tepidiphilus,1.36E-05
Anaerostipes,0
Anaerostipes,2.92E-06
Anaerostipes,0
Anaerostipes,2.53E-07
Anaerostipes,0
Anaerostipes,0
Anaerostipes,0
Anaerostipes,0
Anaerostipes,0
Anaerostipes,5.81E-07
Anaerostipes,0
Anaerostipes,0
Anaerostipes,0
Anaerostipes,0
Anaerostipes,0
Anaerostipes,0
Anaerostipes,0
Morococcus,0
Morococcus,4.24E-05
Morococcus,0
Morococcus,1.44E-06
Morococcus,7.58E-06
Morococcus,5.12E-05
Morococcus,0
Morococcus,5.41E-06
Morococcus,0
Morococcus,5.81E-07
Morococcus,3.86E-06
Morococcus,0
Morococcus,7.64E-06
Morococcus,1.48E-06
Morococcus,4.16E-06
Morococcus,2.48E-06
Morococcus,1.36E-05
Histophilus,0.000210263
Histophilus,0.000144605
Histophilus,0.000553242
Histophilus,4.38E-05
Histophilus,0.000270259
Histophilus,0.000301342
Histophilus,0.000116955
Histophilus,0.00018396
Histophilus,0.000147305
Histophilus,0.000101062
Histophilus,7.54E-05
Histophilus,0.000160228
Histophilus,0.000661697
Histophilus,0.000103268
Histophilus,0.000110956
Histophilus,0.000236985
Histophilus,0.000271113
Faecalibacterium,0
Faecalibacterium,2.34E-05
Faecalibacterium,0
Faecalibacterium,1.10E-06
Faecalibacterium,0
Faecalibacterium,5.69E-06
Faecalibacterium,6.50E-06
Faecalibacterium,0
Faecalibacterium,0
Faecalibacterium,0
Faecalibacterium,1.48E-06
Faecalibacterium,0
Faecalibacterium,0
Faecalibacterium,2.95E-06
Faecalibacterium,3.38E-06
Faecalibacterium,0
Faecalibacterium,6.78E-06
Ottowia,0
Ottowia,0
Ottowia,2.91E-05
Ottowia,4.22E-07
Ottowia,0
Ottowia,0
Ottowia,0
Ottowia,0
Ottowia,6.40E-06
Ottowia,0
Ottowia,3.86E-07
Ottowia,0
Ottowia,1.53E-06
Ottowia,0
Ottowia,0
Ottowia,1.24E-06
Ottowia,2.03E-05
Alistipes,2.21E-05
Alistipes,1.17E-05
Alistipes,1.46E-05
Alistipes,7.43E-06
Alistipes,2.53E-06
Alistipes,1.71E-05
Alistipes,2.60E-05
Alistipes,3.61E-06
Alistipes,1.92E-05
Alistipes,2.32E-06
Alistipes,5.14E-06
Alistipes,2.54E-06
Alistipes,1.68E-05
Alistipes,2.95E-06
Alistipes,8.73E-05
Alistipes,0
Alistipes,3.39E-05
Akkermansia,0
Akkermansia,7.30E-07
Akkermansia,0
Akkermansia,3.88E-06
Akkermansia,0
Akkermansia,0
Akkermansia,0
Akkermansia,9.02E-07
Akkermansia,0
Akkermansia,0
Akkermansia,3.47E-06
Akkermansia,2.54E-06
Akkermansia,1.53E-06
Akkermansia,0
Akkermansia,1.05E-05
Akkermansia,0
Akkermansia,0
Anaerotruncus,0
Anaerotruncus,0
Anaerotruncus,0
Anaerotruncus,8.44E-08
Anaerotruncus,0
Anaerotruncus,0
Anaerotruncus,0
Anaerotruncus,0
Anaerotruncus,0
Anaerotruncus,0
Anaerotruncus,0
Anaerotruncus,0
Anaerotruncus,0
Anaerotruncus,0
Anaerotruncus,0
Anaerotruncus,0
Anaerotruncus,2.03E-05
Marvinbryantia,0
Marvinbryantia,2.19E-06
Marvinbryantia,0
Marvinbryantia,2.53E-07
Marvinbryantia,0
Marvinbryantia,0
Marvinbryantia,0
Marvinbryantia,0
Marvinbryantia,0
Marvinbryantia,0
Marvinbryantia,1.29E-07
Marvinbryantia,0
Marvinbryantia,0
Marvinbryantia,7.38E-07
Marvinbryantia,0
Marvinbryantia,0
Marvinbryantia,0
Anaerofustis,0
Anaerofustis,1.46E-06
Anaerofustis,0
Anaerofustis,2.53E-07
Anaerofustis,0
Anaerofustis,0
Anaerofustis,0
Anaerofustis,0
Anaerofustis,0
Anaerofustis,0
Anaerofustis,0
Anaerofustis,0
Anaerofustis,0
Anaerofustis,0
Anaerofustis,1.30E-07
Anaerofustis,1.24E-06
Anaerofustis,0
Oribacterium,0.000807853
Oribacterium,0.005115939
Oribacterium,0
Oribacterium,2.15E-05
Oribacterium,4.29E-05
Oribacterium,5.69E-06
Oribacterium,0
Oribacterium,7.21E-06
Oribacterium,6.40E-06
Oribacterium,5.98E-05
Oribacterium,0.000431759
Oribacterium,4.32E-05
Oribacterium,6.11E-06
Oribacterium,0.006705805
Oribacterium,1.03E-05
Oribacterium,2.48E-06
Oribacterium,0.000948895
Catabacter,0
Catabacter,1.46E-06
Catabacter,0
Catabacter,3.97E-06
Catabacter,0
Catabacter,5.69E-06
Catabacter,6.50E-06
Catabacter,9.02E-07
Catabacter,0
Catabacter,1.74E-06
Catabacter,3.21E-07
Catabacter,1.27E-06
Catabacter,1.53E-06
Catabacter,3.69E-06
Catabacter,3.77E-06
Catabacter,4.96E-06
Catabacter,0
Odoribacter,0
Odoribacter,1.17E-05
Odoribacter,4.37E-05
Odoribacter,7.51E-06
Odoribacter,0
Odoribacter,5.69E-06
Odoribacter,0
Odoribacter,9.02E-07
Odoribacter,0
Odoribacter,8.13E-06
Odoribacter,2.76E-06
Odoribacter,0
Odoribacter,3.06E-06
Odoribacter,0
Odoribacter,3.64E-06
Odoribacter,3.72E-06
Odoribacter,6.78E-06
Subdoligranulum,0
Subdoligranulum,7.30E-07
Subdoligranulum,0
Subdoligranulum,0
Subdoligranulum,0
Subdoligranulum,0
Subdoligranulum,0
Subdoligranulum,0
Subdoligranulum,0
Subdoligranulum,0
Subdoligranulum,0
Subdoligranulum,0
Subdoligranulum,0
Subdoligranulum,0
Subdoligranulum,0
Subdoligranulum,0
Subdoligranulum,0
Parabacteroides,0.000453726
Parabacteroides,8.03E-05
Parabacteroides,0.000320298
Parabacteroides,3.30E-05
Parabacteroides,9.35E-05
Parabacteroides,0.000159199
Parabacteroides,0.000142944
Parabacteroides,8.93E-05
Parabacteroides,0.0002818
Parabacteroides,3.37E-05
Parabacteroides,3.64E-05
Parabacteroides,8.90E-05
Parabacteroides,0.000307162
Parabacteroides,5.46E-05
Parabacteroides,6.31E-05
Parabacteroides,0.000157576
Parabacteroides,0.000406669
Gulbenkiania,0.000320928
Gulbenkiania,0.000417747
Gulbenkiania,0.000655155
Gulbenkiania,0.000608874
Gulbenkiania,0.000618817
Gulbenkiania,0.000994997
Gulbenkiania,0.000311879
Gulbenkiania,0.000720512
Gulbenkiania,0.000249777
Gulbenkiania,0.000328161
Gulbenkiania,0.000823864
Gulbenkiania,0.000511203
Gulbenkiania,0.001120148
Gulbenkiania,0.000194735
Gulbenkiania,0.000874117
Gulbenkiania,0.000634027
Gulbenkiania,0.000406669
Barnesiella,0
Barnesiella,4.38E-06
Barnesiella,0
Barnesiella,7.68E-06
Barnesiella,1.26E-05
Barnesiella,1.14E-05
Barnesiella,0
Barnesiella,7.21E-06
Barnesiella,0
Barnesiella,1.74E-06
Barnesiella,7.07E-06
Barnesiella,3.81E-06
Barnesiella,7.64E-06
Barnesiella,3.69E-06
Barnesiella,9.37E-06
Barnesiella,6.20E-06
Barnesiella,0
Aggregatibacter,1.11E-05
Aggregatibacter,0.000616396
Aggregatibacter,0.000189267
Aggregatibacter,1.13E-05
Aggregatibacter,6.06E-05
Aggregatibacter,0.002422106
Aggregatibacter,7.80E-05
Aggregatibacter,7.48E-05
Aggregatibacter,5.12E-05
Aggregatibacter,2.44E-05
Aggregatibacter,1.73E-05
Aggregatibacter,3.81E-05
Aggregatibacter,0.000195606
Aggregatibacter,4.72E-05
Aggregatibacter,5.26E-05
Aggregatibacter,8.44E-05
Aggregatibacter,0.000108445
Alloscardovia,0
Alloscardovia,0.00013365
Alloscardovia,0
Alloscardovia,2.03E-06
Alloscardovia,5.05E-06
Alloscardovia,5.69E-06
Alloscardovia,0
Alloscardovia,1.80E-06
Alloscardovia,6.40E-06
Alloscardovia,1.74E-06
Alloscardovia,7.58E-06
Alloscardovia,3.81E-06
Alloscardovia,1.07E-05
Alloscardovia,2.21E-06
Alloscardovia,5.46E-06
Alloscardovia,2.48E-06
Alloscardovia,0
Adlercreutzia,0
Adlercreutzia,0
Adlercreutzia,0
Adlercreutzia,1.69E-07
Adlercreutzia,0
Adlercreutzia,0
Adlercreutzia,0
Adlercreutzia,0
Adlercreutzia,0
Adlercreutzia,0
Adlercreutzia,0
Adlercreutzia,0
Adlercreutzia,0
Adlercreutzia,0
Adlercreutzia,0
Adlercreutzia,0
Adlercreutzia,0
Oscillibacter,1.11E-05
Oscillibacter,9.49E-06
Oscillibacter,1.46E-05
Oscillibacter,5.23E-05
Oscillibacter,2.02E-05
Oscillibacter,1.14E-05
Oscillibacter,6.50E-06
Oscillibacter,1.44E-05
Oscillibacter,6.40E-06
Oscillibacter,8.71E-06
Oscillibacter,4.65E-05
Oscillibacter,5.09E-06
Oscillibacter,4.58E-05
Oscillibacter,1.18E-05
Oscillibacter,5.92E-05
Oscillibacter,1.49E-05
Oscillibacter,0
Cloacibacillus,0
Cloacibacillus,0
Cloacibacillus,1.46E-05
Cloacibacillus,0
Cloacibacillus,0
Cloacibacillus,0
Cloacibacillus,0
Cloacibacillus,0
Cloacibacillus,0
Cloacibacillus,0
Cloacibacillus,0
Cloacibacillus,0
Cloacibacillus,0
Cloacibacillus,0
Cloacibacillus,0
Cloacibacillus,0
Cloacibacillus,0
Sharpea,0
Sharpea,4.38E-06
Sharpea,0
Sharpea,1.35E-06
Sharpea,0
Sharpea,0
Sharpea,0
Sharpea,9.02E-07
Sharpea,0
Sharpea,1.74E-06
Sharpea,6.43E-08
Sharpea,2.54E-06
Sharpea,0
Sharpea,1.48E-06
Sharpea,9.11E-07
Sharpea,0
Sharpea,0
Parvimonas,2.21E-05
Parvimonas,6.79E-05
Parvimonas,0.000116472
Parvimonas,0.005292441
Parvimonas,5.56E-05
Parvimonas,0.000494655
Parvimonas,5.20E-05
Parvimonas,0.000274137
Parvimonas,3.20E-05
Parvimonas,0.000500082
Parvimonas,0.000730996
Parvimonas,6.36E-05
Parvimonas,0.000126838
Parvimonas,0.002185601
Parvimonas,4.19E-05
Parvimonas,2.11E-05
Parvimonas,0.00084045
Blautia,0.000331994
Blautia,0.000102976
Blautia,0.000844422
Blautia,2.33E-05
Blautia,0.000118712
Blautia,0.00032977
Blautia,0.000324874
Blautia,6.49E-05
Blautia,0.000365059
Blautia,5.40E-05
Blautia,2.35E-05
Blautia,0.000116992
Blautia,0.000160458
Blautia,0.000104006
Blautia,0.000141003
Blautia,7.20E-05
Blautia,0.000494781
Butyricimonas,1.11E-05
Butyricimonas,5.84E-06
Butyricimonas,5.82E-05
Butyricimonas,3.55E-06
Butyricimonas,5.05E-06
Butyricimonas,5.69E-06
Butyricimonas,6.50E-06
Butyricimonas,6.31E-06
Butyricimonas,6.40E-06
Butyricimonas,5.81E-07
Butyricimonas,1.61E-06
Butyricimonas,3.81E-06
Butyricimonas,1.38E-05
Butyricimonas,2.21E-06
Butyricimonas,4.55E-06
Butyricimonas,2.48E-06
Butyricimonas,1.36E-05
Paraprevotella,0
Paraprevotella,8.76E-06
Paraprevotella,0
Paraprevotella,7.51E-06
Paraprevotella,5.05E-06
Paraprevotella,5.69E-06
Paraprevotella,1.30E-05
Paraprevotella,7.21E-06
Paraprevotella,3.84E-05
Paraprevotella,5.81E-06
Paraprevotella,1.20E-05
Paraprevotella,7.63E-06
Paraprevotella,3.51E-05
Paraprevotella,5.16E-06
Paraprevotella,1.20E-05
Paraprevotella,9.93E-06
Paraprevotella,2.03E-05
Butyricicoccus,0
Butyricicoccus,7.30E-07
Butyricicoccus,0
Butyricicoccus,8.44E-08
Butyricicoccus,0
Butyricicoccus,0
Butyricicoccus,0
Butyricicoccus,0
Butyricicoccus,0
Butyricicoccus,0
Butyricicoccus,0
Butyricicoccus,0
Butyricicoccus,0
Butyricicoccus,0
Butyricicoccus,0
Butyricicoccus,0
Butyricicoccus,0
Robinsoniella,0
Robinsoniella,0
Robinsoniella,0
Robinsoniella,8.44E-07
Robinsoniella,0
Robinsoniella,0
Robinsoniella,0
Robinsoniella,0
Robinsoniella,0
Robinsoniella,0
Robinsoniella,6.43E-08
Robinsoniella,0
Robinsoniella,0
Robinsoniella,0
Robinsoniella,5.20E-07
Robinsoniella,0
Robinsoniella,0
Pyramidobacter,6.64E-05
Pyramidobacter,2.19E-06
Pyramidobacter,0
Pyramidobacter,0
Pyramidobacter,0
Pyramidobacter,0
Pyramidobacter,0
Pyramidobacter,0
Pyramidobacter,0
Pyramidobacter,5.81E-07
Pyramidobacter,1.93E-07
Pyramidobacter,0
Pyramidobacter,0
Pyramidobacter,1.11E-05
Pyramidobacter,1.30E-07
Pyramidobacter,0
Pyramidobacter,6.78E-06
Gordonibacter,0
Gordonibacter,4.38E-06
Gordonibacter,0
Gordonibacter,1.69E-07
Gordonibacter,0
Gordonibacter,0
Gordonibacter,0
Gordonibacter,0
Gordonibacter,0
Gordonibacter,1.16E-06
Gordonibacter,2.57E-07
Gordonibacter,0
Gordonibacter,0
Gordonibacter,0
Gordonibacter,0
Gordonibacter,1.24E-06
Gordonibacter,0
Necropsobacter,0.000276662
Necropsobacter,4.09E-05
Necropsobacter,0.004440497
Necropsobacter,8.91E-05
Necropsobacter,1.77E-05
Necropsobacter,2.84E-05
Necropsobacter,0.001429444
Necropsobacter,1.80E-05
Necropsobacter,0.007025791
Necropsobacter,4.88E-05
Necropsobacter,1.37E-05
Necropsobacter,3.81E-05
Necropsobacter,0.000707542
Necropsobacter,1.62E-05
Necropsobacter,0.006854798
Necropsobacter,9.93E-06
Necropsobacter,0.000460892
Phocaeicola,0
Phocaeicola,0
Phocaeicola,0
Phocaeicola,1.55E-05
Phocaeicola,0
Phocaeicola,0
Phocaeicola,0
Phocaeicola,0
Phocaeicola,0
Phocaeicola,0
Phocaeicola,0
Phocaeicola,0
Phocaeicola,0
Phocaeicola,0
Phocaeicola,1.30E-07
Phocaeicola,0
Phocaeicola,0
Christensenella,0
Christensenella,7.30E-07
Christensenella,0
Christensenella,0
Christensenella,0
Christensenella,0
Christensenella,0
Christensenella,0
Christensenella,0
Christensenella,0
Christensenella,0
Christensenella,0
Christensenella,0
Christensenella,0
Christensenella,1.30E-07
Christensenella,0
Christensenella,0
Pseudoflavonifractor,0
Pseudoflavonifractor,2.92E-06
Pseudoflavonifractor,0
Pseudoflavonifractor,0
Pseudoflavonifractor,0
Pseudoflavonifractor,0
Pseudoflavonifractor,0
Pseudoflavonifractor,0
Pseudoflavonifractor,0
Pseudoflavonifractor,0
Pseudoflavonifractor,0
Pseudoflavonifractor,0
Pseudoflavonifractor,0
Pseudoflavonifractor,0
Pseudoflavonifractor,0
Pseudoflavonifractor,0
Pseudoflavonifractor,0
Lachnoanaerobaculum,0.000420526
Lachnoanaerobaculum,0.003155012
Lachnoanaerobaculum,2.91E-05
Lachnoanaerobaculum,0.002766948
Lachnoanaerobaculum,5.05E-06
Lachnoanaerobaculum,0.000170571
Lachnoanaerobaculum,0
Lachnoanaerobaculum,5.41E-05
Lachnoanaerobaculum,0
Lachnoanaerobaculum,5.23E-06
Lachnoanaerobaculum,0.000102573
Lachnoanaerobaculum,7.63E-06
Lachnoanaerobaculum,0
Lachnoanaerobaculum,6.20E-05
Lachnoanaerobaculum,1.03E-05
Lachnoanaerobaculum,3.72E-06
Lachnoanaerobaculum,0.000257557
Stomatobaculum,2.21E-05
Stomatobaculum,0.003447143
Stomatobaculum,0
Stomatobaculum,1.77E-06
Stomatobaculum,1.01E-05
Stomatobaculum,0.000386627
Stomatobaculum,0
Stomatobaculum,1.17E-05
Stomatobaculum,0
Stomatobaculum,0.000180634
Stomatobaculum,1.93E-06
Stomatobaculum,4.58E-05
Stomatobaculum,6.11E-06
Stomatobaculum,0.000154165
Stomatobaculum,2.86E-06
Stomatobaculum,0
Stomatobaculum,1.36E-05
Eggerthia,0
Eggerthia,1.17E-05
Eggerthia,0
Eggerthia,2.03E-06
Eggerthia,0
Eggerthia,0
Eggerthia,0
Eggerthia,9.02E-07
Eggerthia,0
Eggerthia,1.92E-05
Eggerthia,1.09E-06
Eggerthia,3.81E-06
Eggerthia,0
Eggerthia,2.95E-06
Eggerthia,5.20E-07
Eggerthia,0
Eggerthia,2.71E-05
Alloprevotella,1.11E-05
Alloprevotella,0.000460106
Alloprevotella,0.000131031
Alloprevotella,0.000149432
Alloprevotella,4.55E-05
Alloprevotella,1.14E-05
Alloprevotella,1.30E-05
Alloprevotella,9.92E-06
Alloprevotella,6.40E-06
Alloprevotella,5.17E-05
Alloprevotella,2.80E-05
Alloprevotella,7.38E-05
Alloprevotella,6.11E-06
Alloprevotella,1.99E-05
Alloprevotella,3.59E-05
Alloprevotella,4.96E-06
Alloprevotella,0.000616782
Lelliottia,0
Lelliottia,7.30E-07
Lelliottia,1.46E-05
Lelliottia,4.22E-07
Lelliottia,0
Lelliottia,0
Lelliottia,0
Lelliottia,0
Lelliottia,6.40E-06
Lelliottia,0
Lelliottia,3.86E-07
Lelliottia,1.27E-06
Lelliottia,1.53E-06
Lelliottia,7.38E-07
Lelliottia,2.73E-06
Lelliottia,0
Lelliottia,6.78E-06
Coprobacter,0
Coprobacter,0
Coprobacter,0
Coprobacter,8.44E-08
Coprobacter,0
Coprobacter,0
Coprobacter,0
Coprobacter,0
Coprobacter,0
Coprobacter,0
Coprobacter,0
Coprobacter,0
Coprobacter,0
Coprobacter,0
Coprobacter,0
Coprobacter,0
Coprobacter,0
Intestinimonas,0
Intestinimonas,0
Intestinimonas,0
Intestinimonas,0
Intestinimonas,0
Intestinimonas,5.69E-06
Intestinimonas,0
Intestinimonas,0
Intestinimonas,0
Intestinimonas,5.81E-07
Intestinimonas,1.29E-07
Intestinimonas,0
Intestinimonas,0
Intestinimonas,0
Intestinimonas,0
Intestinimonas,0
Intestinimonas,0
Stoquefichus,2.21E-05
Stoquefichus,1.90E-05
Stoquefichus,8.74E-05
Stoquefichus,3.68E-05
Stoquefichus,2.27E-05
Stoquefichus,7.39E-05
Stoquefichus,4.55E-05
Stoquefichus,3.07E-05
Stoquefichus,5.12E-05
Stoquefichus,1.63E-05
Stoquefichus,5.57E-05
Stoquefichus,2.67E-05
Stoquefichus,0.000117669
Stoquefichus,2.43E-05
Stoquefichus,5.89E-05
Stoquefichus,4.09E-05
Stoquefichus,0.000122001
Dielma,0
Dielma,1.46E-06
Dielma,0
Dielma,0
Dielma,0
Dielma,0
Dielma,0
Dielma,0
Dielma,0
Dielma,0
Dielma,0
Dielma,0
Dielma,0
Dielma,0
Dielma,0
Dielma,0
Dielma,0
Kallipyga,0
Kallipyga,0
Kallipyga,0
Kallipyga,3.38E-07
Kallipyga,0
Kallipyga,0
Kallipyga,0
Kallipyga,0
Kallipyga,0
Kallipyga,0
Kallipyga,2.57E-07
Kallipyga,0
Kallipyga,0
Kallipyga,0
Kallipyga,0
Kallipyga,0
Kallipyga,1.36E-05
Senegalimassilia,0
Senegalimassilia,0
Senegalimassilia,0
Senegalimassilia,1.69E-07
Senegalimassilia,0
Senegalimassilia,0
Senegalimassilia,1.30E-05
Senegalimassilia,0
Senegalimassilia,0
Senegalimassilia,0
Senegalimassilia,1.29E-07
Senegalimassilia,0
Senegalimassilia,0
Senegalimassilia,0
Senegalimassilia,0
Senegalimassilia,0
Senegalimassilia,0
Intestinibacter,0
Intestinibacter,1.46E-06
Intestinibacter,0
Intestinibacter,3.38E-07
Intestinibacter,2.53E-06
Intestinibacter,0
Intestinibacter,0
Intestinibacter,0
Intestinibacter,0
Intestinibacter,0
Intestinibacter,3.21E-07
Intestinibacter,0
Intestinibacter,0
Intestinibacter,7.38E-07
Intestinibacter,2.60E-07
Intestinibacter,0
Intestinibacter,0
Erysipelatoclostridium,0
Erysipelatoclostridium,1.46E-06
Erysipelatoclostridium,0
Erysipelatoclostridium,5.07E-07
Erysipelatoclostridium,0
Erysipelatoclostridium,0
Erysipelatoclostridium,0
Erysipelatoclostridium,0
Erysipelatoclostridium,0
Erysipelatoclostridium,0
Erysipelatoclostridium,6.43E-08
Erysipelatoclostridium,0
Erysipelatoclostridium,0
Erysipelatoclostridium,1.48E-06
Erysipelatoclostridium,3.90E-07
Erysipelatoclostridium,0
Erysipelatoclostridium,0
Lachnoclostridium,0.029934818
Lachnoclostridium,2.12E-05
Lachnoclostridium,0.004833591
Lachnoclostridium,5.99E-06
Lachnoclostridium,2.53E-06
Lachnoclostridium,0
Lachnoclostridium,0.00285239
Lachnoclostridium,2.71E-06
Lachnoclostridium,0.005040381
Lachnoclostridium,8.13E-06
Lachnoclostridium,1.36E-05
Lachnoclostridium,3.81E-06
Lachnoclostridium,6.11E-06
Lachnoclostridium,2.95E-06
Lachnoclostridium,3.51E-06
Lachnoclostridium,3.72E-06
Lachnoclostridium,0.009102616
Tyzzerella,0
Tyzzerella,0
Tyzzerella,0
Tyzzerella,3.38E-07
Tyzzerella,0
Tyzzerella,0
Tyzzerella,0
Tyzzerella,0
Tyzzerella,0
Tyzzerella,0
Tyzzerella,0
Tyzzerella,0
Tyzzerella,0
Tyzzerella,0
Tyzzerella,1.30E-07
Tyzzerella,0
Tyzzerella,0
Holdemanella,0
Holdemanella,7.30E-07
Holdemanella,0
Holdemanella,0
Holdemanella,0
Holdemanella,0
Holdemanella,0
Holdemanella,0
Holdemanella,0
Holdemanella,0
Holdemanella,0
Holdemanella,0
Holdemanella,0
Holdemanella,0
Holdemanella,1.30E-07
Holdemanella,0
Holdemanella,0
Faecalicoccus,0
Faecalicoccus,2.19E-06
Faecalicoccus,0
Faecalicoccus,4.22E-07
Faecalicoccus,0
Faecalicoccus,0
Faecalicoccus,0
Faecalicoccus,0
Faecalicoccus,0
Faecalicoccus,0
Faecalicoccus,0
Faecalicoccus,0
Faecalicoccus,0
Faecalicoccus,0
Faecalicoccus,0
Faecalicoccus,0
Faecalicoccus,0
Sanguibacteroides,0.007126811
Sanguibacteroides,0.002867993
Sanguibacteroides,0.013379728
Sanguibacteroides,0.004129232
Sanguibacteroides,0.004394861
Sanguibacteroides,0.006203093
Sanguibacteroides,0.004905592
Sanguibacteroides,0.002518635
Sanguibacteroides,0.009478734
Sanguibacteroides,0.002072351
Sanguibacteroides,0.004701599
Sanguibacteroides,0.004993769
Sanguibacteroides,0.00652528
Sanguibacteroides,0.001714255
Sanguibacteroides,0.005498875
Sanguibacteroides,0.003774386
Sanguibacteroides,0.010830961
Mageeibacillus,0
Mageeibacillus,4.38E-06
Mageeibacillus,0
Mageeibacillus,1.27E-06
Mageeibacillus,5.05E-06
Mageeibacillus,5.69E-06
Mageeibacillus,0
Mageeibacillus,6.31E-06
Mageeibacillus,6.40E-06
Mageeibacillus,5.81E-06
Mageeibacillus,2.25E-06
Mageeibacillus,6.36E-06
Mageeibacillus,2.45E-05
Mageeibacillus,5.90E-06
Mageeibacillus,4.29E-06
Mageeibacillus,9.93E-06
Mageeibacillus,0
Hungatella,1.11E-05
Hungatella,4.38E-06
Hungatella,0
Hungatella,5.23E-06
Hungatella,5.05E-06
Hungatella,5.69E-06
Hungatella,6.50E-06
Hungatella,3.61E-06
Hungatella,0
Hungatella,4.65E-06
Hungatella,5.14E-06
Hungatella,1.53E-05
Hungatella,1.38E-05
Hungatella,7.38E-06
Hungatella,3.64E-06
Hungatella,2.48E-06
Hungatella,0
Levyella,0
Levyella,2.19E-06
Levyella,0
Levyella,1.27E-06
Levyella,0
Levyella,0
Levyella,0
Levyella,0
Levyella,0
Levyella,5.81E-07
Levyella,3.21E-07
Levyella,0
Levyella,0
Levyella,7.38E-07
Levyella,1.69E-06
Levyella,0
Levyella,0
Faecalibaculum,0
Faecalibaculum,0
Faecalibaculum,0
Faecalibaculum,0
Faecalibaculum,0
Faecalibaculum,0
Faecalibaculum,0
Faecalibaculum,0
Faecalibaculum,6.40E-06
Faecalibaculum,0
Faecalibaculum,0
Faecalibaculum,0
Faecalibaculum,0
Faecalibaculum,0
Faecalibaculum,0
Faecalibaculum,0
Faecalibaculum,6.78E-06
Sellimonas,0
Sellimonas,7.30E-07
Sellimonas,0
Sellimonas,0
Sellimonas,0
Sellimonas,0
Sellimonas,0
Sellimonas,0
Sellimonas,0
Sellimonas,0
Sellimonas,0
Sellimonas,0
Sellimonas,0
Sellimonas,0
Sellimonas,0
Sellimonas,0
Sellimonas,0
Lawsonella,0
Lawsonella,2.19E-06
Lawsonella,0
Lawsonella,0
Lawsonella,0
Lawsonella,0
Lawsonella,6.50E-06
Lawsonella,0
Lawsonella,2.56E-05
Lawsonella,2.32E-06
Lawsonella,0
Lawsonella,0
Lawsonella,0
Lawsonella,0
Lawsonella,0
Lawsonella,0
Lawsonella,0.000799783
Clostridioides,0.000475858
Clostridioides,2.12E-05
Clostridioides,0.000669714
Clostridioides,4.58E-05
Clostridioides,0
Clostridioides,0
Clostridioides,0.000331371
Clostridioides,1.26E-05
Clostridioides,0.000345846
Clostridioides,1.05E-05
Clostridioides,0.000660685
Clostridioides,1.02E-05
Clostridioides,4.89E-05
Clostridioides,1.11E-05
Clostridioides,0.000648954
Clostridioides,8.69E-06
Clostridioides,0.000630338
Ruthenibacterium,0
Ruthenibacterium,0
Ruthenibacterium,0
Ruthenibacterium,0
Ruthenibacterium,0
Ruthenibacterium,0
Ruthenibacterium,0
Ruthenibacterium,0
Ruthenibacterium,0
Ruthenibacterium,0
Ruthenibacterium,0
Ruthenibacterium,0
Ruthenibacterium,0
Ruthenibacterium,0
Ruthenibacterium,0
Ruthenibacterium,0
Ruthenibacterium,0
Mycolicibacterium,0
Mycolicibacterium,0
Mycolicibacterium,0
Mycolicibacterium,0
Mycolicibacterium,0
Mycolicibacterium,0
Mycolicibacterium,0
Mycolicibacterium,0
Mycolicibacterium,0
Mycolicibacterium,0
Mycolicibacterium,0
Mycolicibacterium,0
Mycolicibacterium,0
Mycolicibacterium,0
Mycolicibacterium,0
Mycolicibacterium,0
Mycolicibacterium,0
Gabonibacter,0
Gabonibacter,0
Gabonibacter,0
Gabonibacter,0
Gabonibacter,0
Gabonibacter,0
Gabonibacter,0
Gabonibacter,0
Gabonibacter,0
Gabonibacter,0
Gabonibacter,0
Gabonibacter,0
Gabonibacter,0
Gabonibacter,0
Gabonibacter,0
Gabonibacter,0
Gabonibacter,0
Pseudopropionibacterium,0
Pseudopropionibacterium,0
Pseudopropionibacterium,0
Pseudopropionibacterium,0
Pseudopropionibacterium,0
Pseudopropionibacterium,0
Pseudopropionibacterium,0
Pseudopropionibacterium,0
Pseudopropionibacterium,0
Pseudopropionibacterium,0
Pseudopropionibacterium,0
Pseudopropionibacterium,0
Pseudopropionibacterium,0
Pseudopropionibacterium,0
Pseudopropionibacterium,0
Pseudopropionibacterium,0
Pseudopropionibacterium,0
Peptoanaerobacter,0
Peptoanaerobacter,0
Peptoanaerobacter,0
Peptoanaerobacter,0
Peptoanaerobacter,0
Peptoanaerobacter,0
Peptoanaerobacter,0
Peptoanaerobacter,0
Peptoanaerobacter,0
Peptoanaerobacter,0
Peptoanaerobacter,0
Peptoanaerobacter,0
Peptoanaerobacter,0
Peptoanaerobacter,0
Peptoanaerobacter,0
Peptoanaerobacter,0
Peptoanaerobacter,0
Gabonia,0
Gabonia,0
Gabonia,0
Gabonia,0
Gabonia,0
Gabonia,0
Gabonia,0
Gabonia,0
Gabonia,0
Gabonia,0
Gabonia,0
Gabonia,0
Gabonia,0
Gabonia,0
Gabonia,0
Gabonia,0
Gabonia,0
Bariatricus,0
Bariatricus,0
Bariatricus,0
Bariatricus,0
Bariatricus,0
Bariatricus,0
Bariatricus,0
Bariatricus,0
Bariatricus,0
Bariatricus,0
Bariatricus,0
Bariatricus,0
Bariatricus,0
Bariatricus,0
Bariatricus,0
Bariatricus,0
Bariatricus,0
Neglecta,0
Neglecta,0
Neglecta,0
Neglecta,0
Neglecta,0
Neglecta,0
Neglecta,0
Neglecta,0
Neglecta,0
Neglecta,0
Neglecta,0
Neglecta,0
Neglecta,0
Neglecta,0
Neglecta,0
Neglecta,0
Neglecta,0
Emergencia,0
Emergencia,0
Emergencia,0
Emergencia,0
Emergencia,0
Emergencia,0
Emergencia,0
Emergencia,0
Emergencia,0
Emergencia,0
Emergencia,0
Emergencia,0
Emergencia,0
Emergencia,0
Emergencia,0
Emergencia,0
Emergencia,0
Culturomica,0
Culturomica,0
Culturomica,0
Culturomica,0
Culturomica,0
Culturomica,0
Culturomica,0
Culturomica,0
Culturomica,0
Culturomica,0
Culturomica,0
Culturomica,0
Culturomica,0
Culturomica,0
Culturomica,0
Culturomica,0
Culturomica,0
Mediterranea,0
Mediterranea,0
Mediterranea,0
Mediterranea,0
Mediterranea,0
Mediterranea,0
Mediterranea,0
Mediterranea,0
Mediterranea,0
Mediterranea,0
Mediterranea,0
Mediterranea,0
Mediterranea,0
Mediterranea,0
Mediterranea,0
Mediterranea,0
Mediterranea,0
Phocea,0
Phocea,0
Phocea,0
Phocea,0
Phocea,0
Phocea,0
Phocea,0
Phocea,0
Phocea,0
Phocea,0
Phocea,0
Phocea,0
Phocea,0
Phocea,0
Phocea,0
Phocea,0
Phocea,0
Prevotellamassilia,0
Prevotellamassilia,0
Prevotellamassilia,0
Prevotellamassilia,0
Prevotellamassilia,0
Prevotellamassilia,0
Prevotellamassilia,0
Prevotellamassilia,0
Prevotellamassilia,0
Prevotellamassilia,0
Prevotellamassilia,0
Prevotellamassilia,0
Prevotellamassilia,0
Prevotellamassilia,0
Prevotellamassilia,0
Prevotellamassilia,0
Prevotellamassilia,0
Traorella,0
Traorella,0
Traorella,0
Traorella,0
Traorella,0
Traorella,0
Traorella,0
Traorella,0
Traorella,0
Traorella,0
Traorella,0
Traorella,0
Traorella,0
Traorella,0
Traorella,0
Traorella,0
Traorella,0
Tidjanibacter,0
Tidjanibacter,0
Tidjanibacter,0
Tidjanibacter,0
Tidjanibacter,0
Tidjanibacter,0
Tidjanibacter,0
Tidjanibacter,0
Tidjanibacter,0
Tidjanibacter,0
Tidjanibacter,0
Tidjanibacter,0
Tidjanibacter,0
Tidjanibacter,0
Tidjanibacter,0
Tidjanibacter,0
Tidjanibacter,0
Bittarella,0
Bittarella,0
Bittarella,0
Bittarella,0
Bittarella,0
Bittarella,0
Bittarella,0
Bittarella,0
Bittarella,0
Bittarella,0
Bittarella,0
Bittarella,0
Bittarella,0
Bittarella,0
Bittarella,0
Bittarella,0
Bittarella,0
Neofamilia,0
Neofamilia,0
Neofamilia,0
Neofamilia,0
Neofamilia,0
Neofamilia,0
Neofamilia,0
Neofamilia,0
Neofamilia,0
Neofamilia,0
Neofamilia,0
Neofamilia,0
Neofamilia,0
Neofamilia,0
Neofamilia,0
Neofamilia,0
Neofamilia,0
Angelakisella,0
Angelakisella,0
Angelakisella,0
Angelakisella,0
Angelakisella,0
Angelakisella,0
Angelakisella,0
Angelakisella,0
Angelakisella,0
Angelakisella,0
Angelakisella,0
Angelakisella,0
Angelakisella,0
Angelakisella,0
Angelakisella,0
Angelakisella,0
Angelakisella,0
Libanicoccus,0
Libanicoccus,0
Libanicoccus,0
Libanicoccus,0
Libanicoccus,0
Libanicoccus,0
Libanicoccus,0
Libanicoccus,0
Libanicoccus,0
Libanicoccus,0
Libanicoccus,0
Libanicoccus,0
Libanicoccus,0
Libanicoccus,0
Libanicoccus,0
Libanicoccus,0
Libanicoccus,0
Merdibacter,0
Merdibacter,0
Merdibacter,0
Merdibacter,0
Merdibacter,0
Merdibacter,0
Merdibacter,0
Merdibacter,0
Merdibacter,0
Merdibacter,0
Merdibacter,0
Merdibacter,0
Merdibacter,0
Merdibacter,0
Merdibacter,0
Merdibacter,0
Merdibacter,0
Massilioclostridium,0
Massilioclostridium,0
Massilioclostridium,0
Massilioclostridium,0
Massilioclostridium,0
Massilioclostridium,0
Massilioclostridium,0
Massilioclostridium,0
Massilioclostridium,0
Massilioclostridium,0
Massilioclostridium,0
Massilioclostridium,0
Massilioclostridium,0
Massilioclostridium,0
Massilioclostridium,0
Massilioclostridium,0
Massilioclostridium,0
Criibacterium,0
Criibacterium,0
Criibacterium,0
Criibacterium,0
Criibacterium,0
Criibacterium,0
Criibacterium,0
Criibacterium,0
Criibacterium,0
Criibacterium,0
Criibacterium,0
Criibacterium,0
Criibacterium,0
Criibacterium,0
Criibacterium,0
Criibacterium,0
Criibacterium,0
Fournierella,0
Fournierella,0
Fournierella,0
Fournierella,0
Fournierella,0
Fournierella,0
Fournierella,0
Fournierella,0
Fournierella,0
Fournierella,0
Fournierella,0
Fournierella,0
Fournierella,0
Fournierella,0
Fournierella,0
Fournierella,0
Fournierella,0
Lagierella,0
Lagierella,0
Lagierella,0
Lagierella,0
Lagierella,0
Lagierella,0
Lagierella,0
Lagierella,0
Lagierella,0
Lagierella,0
Lagierella,0
Lagierella,0
Lagierella,0
Lagierella,0
Lagierella,0
Lagierella,0
Lagierella,0
Urmitella,0
Urmitella,0
Urmitella,0
Urmitella,0
Urmitella,0
Urmitella,0
Urmitella,0
Urmitella,0
Urmitella,0
Urmitella,0
Urmitella,0
Urmitella,0
Urmitella,0
Urmitella,0
Urmitella,0
Urmitella,0
Urmitella,0
Colibacter,0
Colibacter,0
Colibacter,0
Colibacter,0
Colibacter,0
Colibacter,0
Colibacter,0
Colibacter,0
Colibacter,0
Colibacter,0
Colibacter,0
Colibacter,0
Colibacter,0
Colibacter,0
Colibacter,0
Colibacter,0
Colibacter,0
Alterileibacterium,0
Alterileibacterium,0
Alterileibacterium,0
Alterileibacterium,0
Alterileibacterium,0
Alterileibacterium,0
Alterileibacterium,0
Alterileibacterium,0
Alterileibacterium,0
Alterileibacterium,0
Alterileibacterium,0
Alterileibacterium,0
Alterileibacterium,0
Alterileibacterium,0
Alterileibacterium,0
Alterileibacterium,0
Alterileibacterium,0
Negativibacillus,0
Negativibacillus,0
Negativibacillus,0
Negativibacillus,0
Negativibacillus,0
Negativibacillus,0
Negativibacillus,0
Negativibacillus,0
Negativibacillus,0
Negativibacillus,0
Negativibacillus,0
Negativibacillus,0
Negativibacillus,0
Negativibacillus,0
Negativibacillus,0
Negativibacillus,0
Negativibacillus,0
Duodenibacillus,0
Duodenibacillus,0
Duodenibacillus,0
Duodenibacillus,0
Duodenibacillus,0
Duodenibacillus,0
Duodenibacillus,0
Duodenibacillus,0
Duodenibacillus,0
Duodenibacillus,0
Duodenibacillus,0
Duodenibacillus,0
Duodenibacillus,0
Duodenibacillus,0
Duodenibacillus,0
Duodenibacillus,0
Duodenibacillus,0
